process,Start,Finish,Priority,wait_time,Turnaround_time,Response_time
122,0,16,30,0,16,0
416,16,56,30,16,56,16
472,56,91,30,56,91,56
777,91,138,30,91,138,91
826,138,176,30,138,176,138
348,176,202,30,176,202,175
485,202,238,30,202,238,201
509,238,277,30,238,277,237
536,277,326,30,277,326,276
581,326,353,30,326,353,325
889,353,374,30,353,374,352
26,374,382,30,373,381,372
241,382,399,30,381,398,380
250,399,409,30,398,408,397
357,409,428,30,408,427,407
822,428,429,30,427,428,426
56,429,461,30,427,459,426
329,461,466,30,459,464,458
356,466,493,30,464,491,463
395,493,503,30,491,501,490
439,503,513,30,501,511,500
476,513,514,30,511,512,510
743,514,528,30,512,526,511
2,528,546,30,525,543,524
132,546,549,30,543,546,542
143,549,573,30,546,570,545
144,573,609,30,570,606,569
203,609,642,30,606,639,605
331,642,647,30,639,644,638
140,647,657,30,643,653,642
193,657,661,30,653,657,652
221,661,699,30,657,695,656
976,699,741,30,695,737,694
481,741,759,29,741,759,741
577,759,796,29,759,796,759
836,796,805,29,796,805,796
896,805,821,29,805,821,805
163,821,834,29,821,834,820
223,834,850,29,834,850,833
937,850,856,29,850,856,849
970,856,878,29,856,878,855
204,878,889,29,877,888,876
505,889,904,29,888,903,887
653,904,909,29,903,908,902
654,909,910,29,908,909,907
811,910,912,29,909,911,908
891,912,957,29,911,956,910
967,957,1003,29,956,1002,955
334,1003,1033,29,1001,1031,1000
457,1033,1048,29,1031,1046,1030
723,1048,1080,29,1046,1078,1045
725,1080,1096,29,1078,1094,1077
147,1096,1139,29,1093,1136,1092
616,1139,1165,29,1136,1162,1135
750,1165,1177,29,1162,1174,1161
202,1177,1187,29,1173,1183,1172
358,1187,1237,29,1183,1233,1182
492,1237,1238,29,1233,1234,1232
830,1238,1241,29,1234,1237,1233
327,1241,1289,28,1241,1289,1241
399,1289,1324,28,1289,1324,1289
440,1324,1371,28,1324,1371,1324
693,1371,1400,28,1371,1400,1371
841,1400,1450,28,1400,1450,1400
857,1450,1457,28,1450,1457,1450
137,1457,1480,28,1457,1480,1456
314,1480,1485,28,1480,1485,1479
373,1485,1530,28,1485,1530,1484
387,1530,1577,28,1530,1577,1529
452,1577,1603,28,1577,1603,1576
35,1603,1616,28,1602,1615,1601
234,1616,1622,28,1615,1621,1614
328,1622,1638,28,1621,1637,1620
780,1638,1666,28,1637,1665,1636
249,1666,1711,28,1664,1709,1663
409,1711,1714,28,1709,1712,1708
487,1714,1727,28,1712,1725,1711
548,1727,1774,28,1725,1772,1724
570,1774,1819,28,1772,1817,1771
582,1819,1843,28,1817,1841,1816
608,1843,1890,28,1841,1888,1840
792,1890,1925,28,1888,1923,1887
102,1925,1938,28,1922,1935,1921
199,1938,1984,28,1935,1981,1934
396,1984,2018,28,1981,2015,1980
450,2018,2034,28,2015,2031,2014
636,2034,2067,28,2031,2064,2030
766,2067,2070,28,2064,2067,2063
911,2070,2107,28,2067,2104,2066
240,2107,2126,28,2103,2122,2102
370,2126,2147,28,2122,2143,2121
547,2147,2196,28,2143,2192,2142
174,2196,2215,27,2196,2215,2196
280,2215,2231,27,2215,2231,2215
562,2231,2269,27,2231,2269,2231
799,2269,2304,27,2269,2304,2269
827,2304,2308,27,2304,2308,2304
365,2308,2355,27,2308,2355,2307
479,2355,2379,27,2355,2379,2354
925,2379,2422,27,2379,2422,2378
103,2422,2431,27,2421,2430,2420
117,2431,2456,27,2430,2455,2429
148,2456,2484,27,2455,2483,2454
192,2484,2505,27,2483,2504,2482
281,2505,2546,27,2504,2545,2503
401,2546,2590,27,2545,2589,2544
784,2590,2596,27,2589,2595,2588
806,2596,2622,27,2595,2621,2594
852,2622,2633,27,2621,2632,2620
855,2633,2670,27,2632,2669,2631
44,2670,2716,27,2668,2714,2667
289,2716,2765,27,2714,2763,2713
546,2765,2766,27,2763,2764,2762
757,2766,2802,27,2764,2800,2763
138,2802,2842,27,2799,2839,2798
564,2842,2876,27,2839,2873,2838
622,2876,2879,27,2873,2876,2872
737,2879,2917,27,2876,2914,2875
42,2917,2955,27,2913,2951,2912
57,2955,2995,27,2951,2991,2950
75,2995,3015,27,2991,3011,2990
159,3015,3042,27,3011,3038,3010
237,3042,3081,27,3038,3077,3037
311,3081,3096,27,3077,3092,3076
437,3096,3121,27,3092,3117,3091
730,3121,3130,27,3117,3126,3116
788,3130,3180,27,3126,3176,3125
818,3180,3221,27,3176,3217,3175
843,3221,3238,27,3217,3234,3216
964,3238,3280,27,3234,3276,3233
968,3280,3325,27,3276,3321,3275
465,3325,3341,26,3325,3341,3325
535,3341,3389,26,3341,3389,3341
674,3389,3406,26,3389,3406,3389
275,3406,3421,26,3406,3421,3405
413,3421,3468,26,3421,3468,3420
617,3468,3502,26,3468,3502,3467
665,3502,3543,26,3502,3543,3501
909,3543,3583,26,3543,3583,3542
11,3583,3603,26,3582,3602,3581
142,3603,3630,26,3602,3629,3601
209,3630,3635,26,3629,3634,3628
263,3635,3657,26,3634,3656,3633
293,3657,3681,26,3656,3680,3655
294,3681,3722,26,3680,3721,3679
296,3722,3737,26,3721,3736,3720
374,3737,3741,26,3736,3740,3735
951,3741,3788,26,3740,3787,3739
975,3788,3812,26,3787,3811,3786
210,3812,3834,26,3810,3832,3809
219,3834,3852,26,3832,3850,3831
721,3852,3888,26,3850,3886,3849
727,3888,3916,26,3886,3914,3885
958,3916,3929,26,3914,3927,3913
129,3929,3932,26,3926,3929,3925
542,3932,3949,26,3929,3946,3928
849,3949,3988,26,3946,3985,3945
912,3988,4001,26,3985,3998,3984
72,4001,4029,26,3997,4025,3996
200,4029,4033,26,4025,4029,4024
424,4033,4034,26,4029,4030,4028
538,4034,4082,26,4030,4078,4029
762,4082,4118,26,4078,4114,4077
820,4118,4157,26,4114,4153,4113
936,4157,4205,26,4153,4201,4152
110,4205,4246,25,4205,4246,4205
112,4246,4251,25,4246,4251,4246
150,4251,4293,25,4251,4293,4251
173,4293,4322,25,4293,4322,4293
194,4322,4370,25,4322,4370,4322
367,4370,4372,25,4370,4372,4370
368,4372,4413,25,4372,4413,4372
449,4413,4421,25,4413,4421,4413
585,4421,4438,25,4421,4438,4421
668,4438,4450,25,4438,4450,4438
761,4450,4461,25,4450,4461,4450
534,4461,4472,25,4461,4472,4460
610,4472,4479,25,4472,4479,4471
807,4479,4526,25,4479,4526,4478
115,4526,4557,25,4525,4556,4524
230,4557,4560,25,4556,4559,4555
345,4560,4586,25,4559,4585,4558
460,4586,4606,25,4585,4605,4584
531,4606,4642,25,4605,4641,4604
597,4642,4657,25,4641,4656,4640
605,4657,4663,25,4656,4662,4655
446,4663,4686,25,4661,4684,4660
590,4686,4688,25,4684,4686,4683
688,4688,4736,25,4686,4734,4685
782,4736,4757,25,4734,4755,4733
211,4757,4784,25,4754,4781,4753
323,4784,4814,25,4781,4811,4780
423,4814,4863,25,4811,4860,4810
682,4863,4875,25,4860,4872,4859
5,4875,4889,25,4871,4885,4870
105,4889,4922,25,4885,4918,4884
170,4922,4958,25,4918,4954,4917
298,4958,4978,25,4954,4974,4953
369,4978,5012,25,4974,5008,4973
394,5012,5032,25,5008,5028,5007
586,5032,5037,25,5028,5033,5027
850,5037,5083,25,5033,5079,5032
880,5083,5108,25,5079,5104,5078
935,5108,5118,25,5104,5114,5103
962,5118,5167,25,5114,5163,5113
119,5167,5189,24,5167,5189,5167
206,5189,5217,24,5189,5217,5189
236,5217,5224,24,5217,5224,5217
347,5224,5263,24,5224,5263,5224
93,5263,5302,24,5263,5302,5262
168,5302,5316,24,5302,5316,5301
188,5316,5329,24,5316,5329,5315
288,5329,5347,24,5329,5347,5328
580,5347,5369,24,5347,5369,5346
838,5369,5394,24,5369,5394,5368
43,5394,5425,24,5393,5424,5392
455,5425,5449,24,5424,5448,5423
493,5449,5472,24,5448,5471,5447
113,5472,5518,24,5470,5516,5469
272,5518,5527,24,5516,5525,5515
612,5527,5552,24,5525,5550,5524
633,5552,5601,24,5550,5599,5549
684,5601,5617,24,5599,5615,5598
884,5617,5645,24,5615,5643,5614
910,5645,5695,24,5643,5693,5642
91,5695,5705,24,5692,5702,5691
116,5705,5743,24,5702,5740,5701
126,5743,5791,24,5740,5788,5739
291,5791,5836,24,5788,5833,5787
458,5836,5857,24,5833,5854,5832
885,5857,5885,24,5854,5882,5853
908,5885,5894,24,5882,5891,5881
32,5894,5926,24,5890,5922,5889
506,5926,5932,24,5922,5928,5921
36,5932,5959,23,5932,5959,5932
271,5959,5988,23,5959,5988,5959
340,5988,6001,23,5988,6001,5988
381,6001,6049,23,6001,6049,6001
464,6049,6052,23,6049,6052,6049
952,6052,6074,23,6052,6074,6052
49,6074,6088,23,6074,6088,6073
927,6088,6107,23,6088,6107,6087
157,6107,6128,23,6106,6127,6105
255,6128,6158,23,6127,6157,6126
292,6158,6193,23,6157,6192,6156
319,6193,6211,23,6192,6210,6191
557,6211,6253,23,6210,6252,6209
986,6253,6260,23,6252,6259,6251
160,6260,6271,23,6258,6269,6257
300,6271,6311,23,6269,6309,6268
318,6311,6353,23,6309,6351,6308
764,6353,6395,23,6351,6393,6350
851,6395,6428,23,6393,6426,6392
991,6428,6451,23,6426,6449,6425
71,6451,6473,23,6448,6470,6447
924,6473,6505,23,6470,6502,6469
931,6505,6522,23,6502,6519,6501
513,6522,6570,23,6518,6566,6517
773,6570,6609,23,6566,6605,6565
135,6609,6625,22,6609,6625,6609
207,6625,6637,22,6625,6637,6625
474,6637,6664,22,6637,6664,6637
602,6664,6709,22,6664,6709,6664
805,6709,6744,22,6709,6744,6709
987,6744,6785,22,6744,6785,6744
172,6785,6814,22,6785,6814,6784
349,6814,6849,22,6814,6849,6813
355,6849,6868,22,6849,6868,6848
456,6868,6875,22,6868,6875,6867
491,6875,6922,22,6875,6922,6874
216,6922,6969,22,6921,6968,6920
363,6969,6985,22,6968,6984,6967
544,6985,6988,22,6984,6987,6983
655,6988,7017,22,6987,7016,6986
308,7017,7060,22,7015,7058,7014
988,7060,7096,22,7058,7094,7057
252,7096,7134,22,7093,7131,7092
496,7134,7166,22,7131,7163,7130
511,7166,7198,22,7163,7195,7162
819,7198,7244,22,7195,7241,7194
54,7244,7287,22,7240,7283,7239
183,7287,7305,22,7283,7301,7282
251,7305,7318,22,7301,7314,7300
735,7318,7351,22,7314,7347,7313
790,7351,7358,22,7347,7354,7346
156,7358,7406,21,7358,7406,7358
162,7406,7414,21,7406,7414,7406
213,7414,7446,21,7414,7446,7414
257,7446,7460,21,7446,7460,7446
279,7460,7508,21,7460,7508,7460
798,7508,7541,21,7508,7541,7508
888,7541,7591,21,7541,7591,7541
239,7591,7599,21,7591,7599,7590
307,7599,7633,21,7599,7633,7598
541,7633,7639,21,7633,7639,7632
637,7639,7648,21,7639,7648,7638
916,7648,7694,21,7648,7694,7647
212,7694,7743,21,7693,7742,7692
498,7743,7784,21,7742,7783,7741
592,7784,7808,21,7783,7807,7782
614,7808,7828,21,7807,7827,7806
99,7828,7876,21,7826,7874,7825
233,7876,7888,21,7874,7886,7873
366,7888,7913,21,7886,7911,7885
389,7913,7945,21,7911,7943,7910
444,7945,7972,21,7943,7970,7942
754,7972,7999,21,7970,7997,7969
870,7999,8006,21,7997,8004,7996
13,8006,8017,21,8003,8014,8002
179,8017,8026,21,8014,8023,8013
285,8026,8050,21,8023,8047,8022
310,8050,8066,21,8047,8063,8046
390,8066,8082,21,8063,8079,8062
417,8082,8106,21,8079,8103,8078
447,8106,8115,21,8103,8112,8102
523,8115,8163,21,8112,8160,8111
589,8163,8182,21,8160,8179,8159
632,8182,8195,21,8179,8192,8178
863,8195,8229,21,8192,8226,8191
83,8229,8251,21,8225,8247,8224
362,8251,8263,21,8247,8259,8246
532,8263,8306,21,8259,8302,8258
559,8306,8340,21,8302,8336,8301
642,8340,8383,21,8336,8379,8335
649,8383,8406,21,8379,8402,8378
661,8406,8447,21,8402,8443,8401
775,8447,8460,21,8443,8456,8442
19,8460,8508,20,8460,8508,8460
268,8508,8526,20,8508,8526,8508
878,8526,8550,20,8526,8550,8526
64,8550,8561,20,8550,8561,8549
74,8561,8604,20,8561,8604,8560
118,8604,8626,20,8604,8626,8603
121,8626,8635,20,8626,8635,8625
341,8635,8665,20,8635,8665,8634
540,8665,8715,20,8665,8715,8664
567,8715,8756,20,8715,8756,8714
738,8756,8763,20,8756,8763,8755
846,8763,8802,20,8763,8802,8762
954,8802,8827,20,8802,8827,8801
6,8827,8857,20,8826,8856,8825
86,8857,8872,20,8856,8871,8855
388,8872,8922,20,8871,8921,8870
748,8922,8935,20,8921,8934,8920
915,8935,8938,20,8934,8937,8933
7,8938,8968,20,8936,8966,8935
34,8968,8975,20,8966,8973,8965
89,8975,8998,20,8973,8996,8972
267,8998,9028,20,8996,9026,8995
471,9028,9057,20,9026,9055,9025
489,9057,9098,20,9055,9096,9054
558,9098,9109,20,9096,9107,9095
904,9109,9141,20,9107,9139,9106
62,9141,9180,20,9138,9177,9137
332,9180,9206,20,9177,9203,9176
526,9206,9230,20,9203,9227,9202
598,9230,9257,20,9227,9254,9226
640,9257,9296,20,9254,9293,9253
771,9296,9317,20,9293,9314,9292
929,9317,9358,20,9314,9355,9313
197,9358,9368,20,9354,9364,9353
259,9368,9400,20,9364,9396,9363
422,9400,9419,20,9396,9415,9395
522,9419,9435,20,9415,9431,9414
615,9435,9482,20,9431,9478,9430
829,9482,9524,20,9478,9520,9477
941,9524,9570,20,9520,9566,9519
946,9570,9578,20,9566,9574,9565
477,9578,9625,19,9578,9625,9578
568,9625,9627,19,9625,9627,9625
923,9627,9677,19,9627,9677,9627
16,9677,9703,19,9677,9703,9676
287,9703,9739,19,9703,9739,9702
461,9739,9777,19,9739,9777,9738
601,9777,9809,19,9777,9809,9776
856,9809,9825,19,9809,9825,9808
30,9825,9853,19,9824,9852,9823
0,9853,9870,19,9851,9868,9850
333,9870,9871,19,9868,9869,9867
412,9871,9882,19,9869,9880,9868
812,9882,9883,19,9880,9881,9879
869,9883,9892,19,9881,9890,9880
872,9892,9902,19,9890,9900,9889
905,9902,9943,19,9900,9941,9899
943,9943,9988,19,9941,9986,9940
63,9988,10008,19,9985,10005,9984
165,10008,10024,19,10005,10021,10004
270,10024,10070,19,10021,10067,10020
383,10070,10082,19,10067,10079,10066
747,10082,10106,19,10079,10103,10078
769,10106,10132,19,10103,10129,10102
800,10132,10159,19,10129,10156,10128
809,10159,10175,19,10156,10172,10155
65,10175,10200,19,10171,10196,10170
92,10200,10203,19,10196,10199,10195
556,10203,10248,19,10199,10244,10198
776,10248,10287,19,10244,10283,10243
796,10287,10334,19,10283,10330,10282
877,10334,10353,19,10330,10349,10329
897,10353,10401,19,10349,10397,10348
933,10401,10440,19,10397,10436,10396
37,10440,10461,18,10440,10461,10440
227,10461,10486,18,10461,10486,10461
238,10486,10534,18,10486,10534,10486
342,10534,10571,18,10534,10571,10534
837,10571,10604,18,10571,10604,10571
940,10604,10651,18,10604,10651,10604
956,10651,10676,18,10651,10676,10651
14,10676,10680,18,10676,10680,10675
400,10680,10693,18,10680,10693,10679
504,10693,10697,18,10693,10697,10692
563,10697,10740,18,10697,10740,10696
944,10740,10751,18,10740,10751,10739
848,10751,10782,18,10750,10781,10749
861,10782,10787,18,10781,10786,10780
879,10787,10837,18,10786,10836,10785
921,10837,10863,18,10836,10862,10835
410,10863,10879,18,10861,10877,10860
584,10879,10888,18,10877,10886,10876
726,10888,10917,18,10886,10915,10885
840,10917,10933,18,10915,10931,10914
934,10933,10975,18,10931,10973,10930
141,10975,10985,18,10972,10982,10971
245,10985,10993,18,10982,10990,10981
337,10993,11033,18,10990,11030,10989
425,11033,11078,18,11030,11075,11029
499,11078,11114,18,11075,11111,11074
662,11114,11125,18,11111,11122,11110
246,11125,11174,18,11121,11170,11120
339,11174,11218,18,11170,11214,11169
866,11218,11219,18,11214,11215,11213
997,11219,11226,18,11215,11222,11214
326,11226,11255,17,11226,11255,11226
343,11255,11289,17,11255,11289,11255
352,11289,11339,17,11289,11339,11289
634,11339,11352,17,11339,11352,11339
990,11352,11378,17,11352,11378,11352
290,11378,11419,17,11378,11419,11377
303,11419,11464,17,11419,11464,11418
657,11464,11501,17,11464,11501,11463
823,11501,11548,17,11501,11548,11500
847,11548,11558,17,11548,11558,11547
922,11558,11564,17,11558,11564,11557
154,11564,11566,17,11563,11565,11562
284,11566,11615,17,11565,11614,11564
502,11615,11627,17,11614,11626,11613
977,11627,11666,17,11626,11665,11625
438,11666,11691,17,11664,11689,11663
565,11691,11693,17,11689,11691,11688
718,11693,11705,17,11691,11703,11690
867,11705,11725,17,11703,11723,11702
895,11725,11771,17,11723,11769,11722
914,11771,11789,17,11769,11787,11768
930,11789,11800,17,11787,11798,11786
992,11800,11805,17,11798,11803,11797
76,11805,11847,17,11802,11844,11801
158,11847,11896,17,11844,11893,11843
182,11896,11912,17,11893,11909,11892
196,11912,11919,17,11909,11916,11908
445,11919,11961,17,11916,11958,11915
555,11961,12002,17,11958,11999,11957
711,12002,12050,17,11999,12047,11998
942,12050,12088,17,12047,12085,12046
947,12088,12091,17,12085,12088,12084
985,12091,12107,17,12088,12104,12087
73,12107,12114,17,12103,12110,12102
405,12114,12117,17,12110,12113,12109
596,12117,12160,17,12113,12156,12112
824,12160,12174,17,12156,12170,12155
972,12174,12211,17,12170,12207,12169
325,12211,12212,16,12211,12212,12211
346,12212,12246,16,12212,12246,12212
351,12246,12261,16,12246,12261,12246
371,12261,12300,16,12261,12300,12261
728,12300,12342,16,12300,12342,12300
858,12342,12389,16,12342,12389,12342
24,12389,12419,16,12389,12419,12388
378,12419,12445,16,12419,12445,12418
407,12445,12493,16,12445,12493,12444
553,12493,12512,16,12493,12512,12492
604,12512,12513,16,12512,12513,12511
620,12513,12532,16,12513,12532,12512
652,12532,12536,16,12532,12536,12531
785,12536,12584,16,12536,12584,12535
131,12584,12598,16,12583,12597,12582
222,12598,12613,16,12597,12612,12596
448,12613,12625,16,12612,12624,12611
760,12625,12672,16,12624,12671,12623
647,12672,12715,16,12670,12713,12669
708,12715,12745,16,12713,12743,12712
751,12745,12795,16,12743,12793,12742
789,12795,12809,16,12793,12807,12792
45,12809,12814,16,12806,12811,12805
130,12814,12850,16,12811,12847,12810
133,12850,12865,16,12847,12862,12846
441,12865,12909,16,12862,12906,12861
759,12909,12955,16,12906,12952,12905
815,12955,12972,16,12952,12969,12951
817,12972,13005,16,12969,13002,12968
123,13005,13019,16,13001,13015,13000
177,13019,13068,16,13015,13064,13014
226,13068,13091,16,13064,13087,13063
278,13091,13093,16,13087,13089,13086
549,13093,13142,16,13089,13138,13088
683,13142,13145,16,13138,13141,13137
732,13145,13156,16,13141,13152,13140
795,13156,13205,16,13152,13201,13151
77,13205,13214,15,13205,13214,13205
244,13214,13216,15,13214,13216,13214
376,13216,13239,15,13216,13239,13216
468,13239,13274,15,13239,13274,13239
507,13274,13285,15,13274,13285,13274
573,13285,13301,15,13285,13301,13285
804,13301,13319,15,13301,13319,13301
902,13319,13336,15,13319,13336,13319
907,13336,13355,15,13336,13355,13336
59,13355,13378,15,13355,13378,13354
139,13378,13416,15,13378,13416,13377
235,13416,13441,15,13416,13441,13415
305,13441,13459,15,13441,13459,13440
599,13459,13469,15,13459,13469,13458
710,13469,13506,15,13469,13506,13468
939,13506,13527,15,13506,13527,13505
108,13527,13572,15,13526,13571,13525
151,13572,13578,15,13571,13577,13570
295,13578,13617,15,13577,13616,13576
322,13617,13648,15,13616,13647,13615
372,13648,13698,15,13647,13697,13646
398,13698,13746,15,13697,13745,13696
494,13746,13788,15,13745,13787,13744
242,13788,13798,15,13786,13796,13785
803,13798,13813,15,13796,13811,13795
834,13813,13825,15,13811,13823,13810
959,13825,13850,15,13823,13848,13822
980,13850,13857,15,13848,13855,13847
31,13857,13878,15,13854,13875,13853
518,13878,13919,15,13875,13916,13874
643,13919,13946,15,13916,13943,13915
685,13946,13992,15,13943,13989,13942
965,13992,14035,15,13989,14032,13988
996,14035,14055,15,14032,14052,14031
167,14055,14092,15,14051,14088,14050
171,14092,14141,15,14088,14137,14087
359,14141,14165,15,14137,14161,14136
393,14165,14187,15,14161,14183,14160
497,14187,14189,15,14183,14185,14182
215,14189,14198,14,14189,14198,14189
316,14198,14235,14,14198,14235,14198
433,14235,14258,14,14235,14258,14235
781,14258,14273,14,14258,14273,14258
232,14273,14319,14,14273,14319,14272
528,14319,14348,14,14319,14348,14318
787,14348,14381,14,14348,14381,14347
864,14381,14408,14,14381,14408,14380
886,14408,14426,14,14408,14426,14407
920,14426,14436,14,14426,14436,14425
948,14436,14446,14,14436,14446,14435
955,14446,14484,14,14446,14484,14445
25,14484,14526,14,14483,14525,14482
128,14526,14545,14,14525,14544,14524
385,14545,14555,14,14544,14554,14543
408,14555,14586,14,14554,14585,14553
463,14586,14619,14,14585,14618,14584
715,14619,14658,14,14618,14657,14617
722,14658,14692,14,14657,14691,14656
82,14692,14712,14,14690,14710,14689
361,14712,14726,14,14710,14724,14709
403,14726,14751,14,14724,14749,14723
411,14751,14783,14,14749,14781,14748
427,14783,14798,14,14781,14796,14780
520,14798,14800,14,14796,14798,14795
575,14800,14816,14,14798,14814,14797
29,14816,14841,14,14813,14838,14812
79,14841,14873,14,14838,14870,14837
95,14873,14880,14,14870,14877,14869
344,14880,14888,14,14877,14885,14876
429,14888,14935,14,14885,14932,14884
436,14935,14964,14,14932,14961,14931
459,14964,14969,14,14961,14966,14960
638,14969,14975,14,14966,14972,14965
690,14975,14993,14,14972,14990,14971
402,14993,15001,14,14989,14997,14988
763,15001,15018,14,14997,15014,14996
971,15018,15051,14,15014,15047,15013
15,15051,15094,13,15051,15094,15051
17,15094,15110,13,15094,15110,15094
20,15110,15122,13,15110,15122,15110
28,15122,15165,13,15122,15165,15122
473,15165,15169,13,15165,15169,15165
524,15169,15189,13,15169,15189,15169
663,15189,15211,13,15189,15211,15189
894,15211,15223,13,15211,15223,15211
276,15223,15230,13,15223,15230,15222
483,15230,15273,13,15230,15273,15229
717,15273,15315,13,15273,15315,15272
758,15315,15329,13,15315,15329,15314
854,15329,15378,13,15329,15378,15328
783,15378,15395,13,15377,15394,15376
932,15395,15424,13,15394,15423,15393
454,15424,15448,13,15422,15446,15421
501,15448,15498,13,15446,15496,15445
691,15498,15510,13,15496,15508,15495
794,15510,15536,13,15508,15534,15507
810,15536,15557,13,15534,15555,15533
949,15557,15569,13,15555,15567,15554
53,15569,15583,13,15566,15580,15565
184,15583,15600,13,15580,15597,15579
218,15600,15641,13,15597,15638,15596
317,15641,15685,13,15638,15682,15637
451,15685,15710,13,15682,15707,15681
503,15710,15746,13,15707,15743,15706
626,15746,15754,13,15743,15751,15742
774,15754,15784,13,15751,15781,15750
853,15784,15794,13,15781,15791,15780
27,15794,15831,13,15790,15827,15789
101,15831,15867,13,15827,15863,15826
286,15867,15912,13,15863,15908,15862
321,15912,15919,13,15908,15915,15907
382,15919,15963,13,15915,15959,15914
414,15963,16000,13,15959,15996,15958
629,16000,16019,13,15996,16015,15995
791,16019,16059,13,16015,16055,16014
821,16059,16099,13,16055,16095,16054
868,16099,16107,13,16095,16103,16094
68,16107,16155,12,16107,16155,16107
98,16155,16180,12,16155,16180,16155
166,16180,16184,12,16180,16184,16180
217,16184,16196,12,16184,16196,16184
313,16196,16226,12,16196,16226,16196
336,16226,16231,12,16226,16231,16226
426,16231,16278,12,16231,16278,16231
680,16278,16294,12,16278,16294,16278
753,16294,16334,12,16294,16334,16294
926,16334,16350,12,16334,16350,16334
945,16350,16361,12,16350,16361,16350
994,16361,16409,12,16361,16409,16361
253,16409,16412,12,16409,16412,16408
309,16412,16459,12,16412,16459,16411
354,16459,16467,12,16459,16467,16458
729,16467,16489,12,16467,16489,16466
756,16489,16527,12,16489,16527,16488
273,16527,16534,12,16526,16533,16525
623,16534,16582,12,16533,16581,16532
628,16582,16590,12,16581,16589,16580
714,16590,16635,12,16589,16634,16588
39,16635,16673,12,16633,16671,16632
51,16673,16711,12,16671,16709,16670
88,16711,16732,12,16709,16730,16708
152,16732,16775,12,16730,16773,16729
453,16775,16785,12,16773,16783,16772
574,16785,16804,12,16783,16802,16782
802,16804,16847,12,16802,16845,16801
304,16847,16853,12,16844,16850,16843
651,16853,16876,12,16850,16873,16849
808,16876,16908,12,16873,16905,16872
161,16908,16935,12,16904,16931,16903
225,16935,16940,12,16931,16936,16930
749,16940,16941,12,16936,16937,16935
231,16941,16985,11,16941,16985,16941
256,16985,17016,11,16985,17016,16985
258,17016,17020,11,17016,17020,17016
377,17020,17069,11,17020,17069,17020
635,17069,17110,11,17069,17110,17069
901,17110,17142,11,17110,17142,17110
998,17142,17143,11,17142,17143,17142
625,17143,17144,11,17143,17144,17142
928,17144,17148,11,17144,17148,17143
993,17148,17154,11,17148,17154,17147
46,17154,17182,11,17153,17181,17152
97,17182,17192,11,17181,17191,17180
571,17192,17197,11,17191,17196,17190
650,17197,17221,11,17196,17220,17195
739,17221,17251,11,17220,17250,17219
835,17251,17283,11,17250,17282,17249
386,17283,17292,11,17281,17290,17280
495,17292,17328,11,17290,17326,17289
593,17328,17353,11,17326,17351,17325
755,17353,17360,11,17351,17358,17350
78,17360,17367,11,17357,17364,17356
266,17367,17381,11,17364,17378,17363
406,17381,17393,11,17378,17390,17377
469,17393,17430,11,17390,17427,17389
482,17430,17440,11,17427,17437,17426
675,17440,17466,11,17437,17463,17436
720,17466,17499,11,17463,17496,17462
960,17499,17548,11,17496,17545,17495
47,17548,17553,11,17544,17549,17543
514,17553,17602,11,17549,17598,17548
862,17602,17618,11,17598,17614,17597
66,17618,17628,10,17618,17628,17618
391,17628,17673,10,17628,17673,17628
484,17673,17703,10,17673,17703,17673
618,17703,17709,10,17703,17709,17703
733,17709,17719,10,17709,17719,17709
871,17719,17742,10,17719,17742,17719
953,17742,17756,10,17742,17756,17742
982,17756,17781,10,17756,17781,17756
107,17781,17800,10,17781,17800,17780
467,17800,17802,10,17800,17802,17799
490,17802,17818,10,17802,17818,17801
686,17818,17845,10,17818,17845,17817
100,17845,17893,10,17844,17892,17843
195,17893,17919,10,17892,17918,17891
432,17919,17961,10,17918,17960,17917
338,17961,17968,10,17959,17966,17958
591,17968,17975,10,17966,17973,17965
630,17975,17986,10,17973,17984,17972
744,17986,18021,10,17984,18019,17983
900,18021,18035,10,18019,18033,18018
10,18035,18082,10,18032,18079,18031
169,18082,18111,10,18079,18108,18078
583,18111,18124,10,18108,18121,18107
842,18124,18139,10,18121,18136,18120
21,18139,18189,10,18135,18185,18134
260,18189,18222,10,18185,18218,18184
384,18222,18238,10,18218,18234,18217
419,18238,18248,10,18234,18244,18233
569,18248,18297,10,18244,18293,18243
220,18297,18313,9,18297,18313,18297
124,18313,18351,9,18313,18351,18312
201,18351,18380,9,18351,18380,18350
360,18380,18406,9,18380,18406,18379
397,18406,18438,9,18406,18438,18405
587,18438,18458,9,18438,18458,18437
712,18458,18494,9,18458,18494,18457
831,18494,18506,9,18494,18506,18493
12,18506,18551,9,18505,18550,18504
109,18551,18576,9,18550,18575,18549
248,18576,18583,9,18575,18582,18574
707,18583,18593,9,18582,18592,18581
716,18593,18594,9,18592,18593,18591
742,18594,18609,9,18593,18608,18592
153,18609,18651,9,18607,18649,18606
283,18651,18691,9,18649,18689,18648
297,18691,18725,9,18689,18723,18688
561,18725,18742,9,18723,18740,18722
681,18742,18766,9,18740,18764,18739
689,18766,18784,9,18764,18782,18763
917,18784,18815,9,18782,18813,18781
664,18815,18852,9,18812,18849,18811
667,18852,18885,9,18849,18882,18848
978,18885,18918,9,18882,18915,18881
8,18918,18949,9,18914,18945,18913
80,18949,18997,9,18945,18993,18944
264,18997,19003,9,18993,18999,18992
265,19003,19008,9,18999,19004,18998
379,19008,19026,9,19004,19022,19003
421,19026,19068,9,19022,19064,19021
619,19068,19080,9,19064,19076,19063
779,19080,19119,9,19076,19115,19075
845,19119,19169,9,19115,19165,19114
146,19169,19175,8,19169,19175,19169
155,19175,19185,8,19175,19185,19175
247,19185,19209,8,19185,19209,19185
442,19209,19220,8,19209,19220,19209
883,19220,19241,8,19220,19241,19220
529,19241,19243,8,19241,19243,19240
624,19243,19283,8,19243,19283,19242
873,19283,19319,8,19283,19319,19282
875,19319,19324,8,19319,19324,19318
104,19324,19357,8,19323,19356,19322
214,19357,19390,8,19356,19389,19355
274,19390,19404,8,19389,19403,19388
470,19404,19453,8,19403,19452,19402
611,19453,19495,8,19452,19494,19451
705,19495,19526,8,19494,19525,19493
713,19526,19531,8,19525,19530,19524
731,19531,19551,8,19530,19550,19529
38,19551,19553,8,19549,19551,19548
228,19553,19583,8,19551,19581,19550
269,19583,19626,8,19581,19624,19580
537,19626,19643,8,19624,19641,19623
631,19643,19656,8,19641,19654,19640
839,19656,19692,8,19654,19690,19653
865,19692,19733,8,19690,19731,19689
974,19733,19780,8,19731,19778,19730
175,19780,19814,8,19777,19811,19776
190,19814,19852,8,19811,19849,19810
353,19852,19876,8,19849,19873,19848
404,19876,19902,8,19873,19899,19872
554,19902,19924,8,19899,19921,19898
603,19924,19930,8,19921,19927,19920
745,19930,19964,8,19927,19961,19926
833,19964,19991,8,19961,19988,19960
874,19991,20023,8,19988,20020,19987
70,20023,20072,8,20019,20068,20018
136,20072,20118,8,20068,20114,20067
639,20118,20137,8,20114,20133,20113
646,20137,20186,8,20133,20182,20132
687,20186,20232,8,20182,20228,20181
695,20232,20262,8,20228,20258,20227
697,20262,20266,8,20258,20262,20257
55,20266,20303,7,20266,20303,20266
90,20303,20309,7,20303,20309,20303
164,20309,20342,7,20309,20342,20309
191,20342,20384,7,20342,20384,20342
380,20384,20385,7,20384,20385,20384
517,20385,20419,7,20385,20419,20385
525,20419,20432,7,20419,20432,20419
560,20432,20446,7,20432,20446,20432
588,20446,20450,7,20446,20450,20446
671,20450,20494,7,20450,20494,20450
539,20494,20536,7,20494,20536,20493
607,20536,20542,7,20536,20542,20535
797,20542,20550,7,20542,20550,20541
859,20550,20575,7,20550,20575,20549
33,20575,20612,7,20574,20611,20573
261,20612,20657,7,20611,20656,20610
963,20657,20707,7,20656,20706,20655
50,20707,20752,7,20705,20750,20704
301,20752,20780,7,20750,20778,20749
312,20780,20797,7,20778,20795,20777
189,20797,20809,7,20794,20806,20793
198,20809,20825,7,20806,20822,20805
694,20825,20859,7,20822,20856,20821
752,20859,20898,7,20856,20895,20855
418,20898,20944,7,20894,20940,20893
478,20944,20994,7,20940,20990,20939
606,20994,21029,7,20990,21025,20989
627,21029,21043,7,21025,21039,21024
772,21043,21065,7,21039,21061,21038
793,21065,21080,7,21061,21076,21060
876,21080,21102,7,21076,21098,21075
111,21102,21106,6,21102,21106,21102
420,21106,21151,6,21106,21151,21106
462,21151,21180,6,21151,21180,21151
701,21180,21210,6,21180,21210,21180
768,21210,21246,6,21210,21246,21210
770,21246,21283,6,21246,21283,21246
813,21283,21291,6,21283,21291,21283
881,21291,21306,6,21291,21306,21291
903,21306,21327,6,21306,21327,21306
983,21327,21360,6,21327,21360,21327
23,21360,21409,6,21360,21409,21359
61,21409,21412,6,21409,21412,21408
84,21412,21458,6,21412,21458,21411
176,21458,21474,6,21458,21474,21457
660,21474,21487,6,21474,21487,21473
678,21487,21491,6,21487,21491,21486
778,21491,21511,6,21491,21511,21490
185,21511,21515,6,21510,21514,21509
486,21515,21516,6,21514,21515,21513
488,21516,21538,6,21515,21537,21514
515,21538,21584,6,21537,21583,21536
516,21584,21632,6,21583,21631,21582
672,21632,21662,6,21631,21661,21630
698,21662,21712,6,21661,21711,21660
969,21712,21750,6,21711,21749,21710
94,21750,21765,6,21748,21763,21747
315,21765,21797,6,21763,21795,21762
500,21797,21839,6,21795,21837,21794
551,21839,21881,6,21837,21879,21836
595,21881,21897,6,21879,21895,21878
613,21897,21923,6,21895,21921,21894
719,21923,21941,6,21921,21939,21920
918,21941,21943,6,21939,21941,21938
938,21943,21981,6,21941,21979,21940
984,21981,22010,6,21979,22008,21978
3,22010,22031,6,22007,22028,22006
4,22031,22037,6,22028,22034,22027
208,22037,22069,6,22034,22066,22033
324,22069,22091,6,22066,22088,22065
579,22091,22106,6,22088,22103,22087
860,22106,22108,6,22103,22105,22102
961,22108,22128,6,22105,22125,22104
60,22128,22154,6,22124,22150,22123
443,22154,22177,6,22150,22173,22149
648,22177,22209,6,22173,22205,22172
696,22209,22255,6,22205,22251,22204
989,22255,22267,6,22251,22263,22250
205,22267,22296,5,22267,22296,22267
229,22296,22334,5,22296,22334,22296
262,22334,22366,5,22334,22366,22334
392,22366,22405,5,22366,22405,22366
428,22405,22410,5,22405,22410,22405
816,22410,22412,5,22410,22412,22410
979,22412,22440,5,22412,22440,22412
1,22440,22465,5,22440,22465,22439
85,22465,22495,5,22465,22495,22464
106,22495,22506,5,22495,22506,22494
282,22506,22511,5,22506,22511,22505
415,22511,22545,5,22511,22545,22510
508,22545,22566,5,22545,22566,22544
533,22566,22584,5,22566,22584,22565
666,22584,22607,5,22584,22607,22583
973,22607,22655,5,22607,22655,22606
302,22655,22683,5,22653,22681,22652
995,22683,22725,5,22681,22723,22680
180,22725,22763,5,22722,22760,22721
512,22763,22807,5,22760,22804,22759
527,22807,22852,5,22804,22849,22803
609,22852,22876,5,22849,22873,22848
669,22876,22915,5,22873,22912,22872
673,22915,22920,5,22912,22917,22911
919,22920,22945,5,22917,22942,22916
243,22945,22946,5,22941,22942,22940
700,22946,22960,5,22942,22956,22941
703,22960,22969,5,22956,22965,22955
734,22969,22989,5,22965,22985,22964
740,22989,23006,5,22985,23002,22984
828,23006,23007,5,23002,23003,23001
882,23007,23038,5,23003,23034,23002
181,23038,23085,4,23038,23085,23038
543,23085,23120,4,23085,23120,23085
9,23120,23151,4,23120,23151,23119
41,23151,23156,4,23151,23156,23150
67,23156,23186,4,23156,23186,23155
299,23186,23231,4,23186,23231,23185
552,23231,23255,4,23231,23255,23230
566,23255,23293,4,23255,23293,23254
676,23293,23336,4,23293,23336,23292
741,23336,23356,4,23336,23356,23335
906,23356,23388,4,23356,23388,23355
127,23388,23429,4,23387,23428,23386
364,23429,23432,4,23428,23431,23427
480,23432,23440,4,23431,23439,23430
545,23440,23445,4,23439,23444,23438
87,23445,23471,4,23443,23469,23442
114,23471,23519,4,23469,23517,23468
335,23519,23527,4,23517,23525,23516
530,23527,23562,4,23525,23560,23524
621,23562,23589,4,23560,23587,23559
645,23589,23625,4,23587,23623,23586
957,23625,23642,4,23623,23640,23622
18,23642,23668,4,23639,23665,23638
320,23668,23706,4,23665,23703,23664
466,23706,23712,4,23703,23709,23702
572,23712,23760,4,23709,23757,23708
679,23760,23789,4,23756,23785,23755
825,23789,23828,4,23785,23824,23784
898,23828,23846,4,23824,23842,23823
58,23846,23858,3,23846,23858,23846
120,23858,23872,3,23858,23872,23858
178,23872,23897,3,23872,23897,23872
510,23897,23934,3,23897,23934,23897
600,23934,23947,3,23934,23947,23934
913,23947,23969,3,23947,23969,23947
950,23969,23987,3,23969,23987,23969
186,23987,24010,3,23987,24010,23986
277,24010,24025,3,24010,24025,24009
641,24025,24046,3,24025,24046,24024
981,24046,24051,3,24046,24051,24045
999,24051,24063,3,24051,24063,24050
48,24063,24084,3,24062,24083,24061
145,24084,24087,3,24083,24086,24082
786,24087,24120,3,24086,24119,24085
96,24120,24158,3,24118,24156,24117
434,24158,24166,3,24156,24164,24155
677,24166,24175,3,24164,24173,24163
706,24175,24181,3,24173,24179,24172
767,24181,24198,3,24179,24196,24178
832,24198,24214,3,24196,24212,24195
81,24214,24217,3,24211,24214,24210
375,24217,24240,3,24214,24237,24213
519,24240,24279,3,24237,24276,24236
699,24279,24326,3,24276,24323,24275
844,24326,24356,3,24323,24353,24322
890,24356,24369,3,24353,24366,24352
899,24369,24393,3,24366,24390,24365
22,24393,24395,3,24389,24391,24388
431,24395,24442,3,24391,24438,24390
656,24442,24474,3,24438,24470,24437
550,24474,24477,2,24474,24477,24474
578,24477,24527,2,24477,24527,24477
644,24527,24563,2,24527,24563,24527
887,24563,24605,2,24563,24605,24563
125,24605,24615,2,24605,24615,24604
254,24615,24661,2,24615,24661,24614
330,24661,24663,2,24661,24663,24660
521,24663,24690,2,24663,24690,24662
594,24690,24722,2,24690,24722,24689
746,24722,24741,2,24722,24741,24721
801,24741,24767,2,24741,24767,24740
814,24767,24789,2,24767,24789,24766
149,24789,24799,2,24788,24798,24787
658,24799,24837,2,24798,24836,24797
704,24837,24845,2,24836,24844,24835
576,24845,24854,2,24843,24852,24842
659,24854,24895,2,24852,24893,24851
670,24895,24918,2,24893,24916,24892
692,24918,24939,2,24916,24937,24915
709,24939,24988,2,24937,24986,24936
736,24988,25004,2,24986,25002,24985
966,25004,25017,2,25002,25015,25001
40,25017,25059,2,25014,25056,25013
52,25059,25092,2,25056,25089,25055
187,25092,25095,2,25089,25092,25088
430,25095,25130,2,25092,25127,25091
435,25130,25138,2,25127,25135,25126
475,25138,25188,2,25135,25185,25134
724,25188,25237,2,25185,25234,25184
892,25237,25248,2,25234,25245,25233
893,25248,25281,2,25245,25278,25244
69,25281,25285,2,25277,25281,25276
134,25285,25320,2,25281,25316,25280
224,25320,25329,2,25316,25325,25315
306,25329,25348,2,25325,25344,25324
350,25348,25360,2,25344,25356,25343
702,25360,25378,2,25356,25374,25355
765,25378,25385,2,25374,25381,25373
